{"_timestamp":1.77241697609835e+09,"_wandb":{"runtime":5555},"_runtime":5555,"_step":4,"validation_accuracy":69.01041666666667,"validation_loss":0.7268071686737861,"train_loss":0.6983062712138132}