{"_wandb":{"runtime":13568},"_runtime":13568,"_step":9,"validation_accuracy":87.23958333333333,"validation_loss":0.32989330849385773,"train_loss":0.34063588020785546,"_timestamp":1.7724513806233444e+09}