{"validation_accuracy":98.3173076923077,"validation_loss":0.03615275532594017,"_wandb":{"runtime":2362},"_runtime":2362,"train_loss":0.0026665165709952514,"_timestamp":1.773119957879076e+09,"_step":9}